gem	sole_impact	reach_impact	transit_loadbearing	downloads	verdict	failure_type	achievability	lib_files	lib_loc
thor	889	1655	14582	1090304197	rejected	analyze-failed	compiler	4	110
json	543	1550	37924	1284274513	rejected	c-extension	native	4	118
ffi	229	1341	8707	1024964981	rejected	c-extension	native	1	138
rake	202	571	13106	1331657383	rejected	analyze-failed	compiler	5	572
colorize	190	385	3205	161667739	rejected	analyze-failed	compiler	5	42
multi_json	140	396	30043	1108878756	rejected	analyze-failed	compiler	10	642
bundler	133	290	8147	3444707281	rejected	analyze-failed	compiler	4	235
logger	125	1683	42362	338533186	rejected	analyze-failed	compiler	2	126
eventmachine	109	380	1586	320719417	rejected	c-extension	native	17	1261
rmagick	87	147	0	54269084	rejected	c-extension	native	17	3278
danger-plugin-api	83	109	0	39731151	rejected	no-entrypoint	compiler	2	14
tilt	79	201	11148	758196228	rejected	analyze-failed	compiler	6	37
rexml	67	234	7661	766659083	rejected	analyze-failed	compiler	1	26
concurrent-ruby	65	495	30363	1285986142	rejected	no-entrypoint	compiler	0	0
ostruct	65	180	3948	118336352	rejected	analyze-failed	compiler	2	75
blankslate	62	83	0	10404489	rejected	analyze-failed	compiler	1	84
equalizer	62	103	751	129562828	rejected	analyze-failed	compiler	1	66
sqlite3	51	120	783	184035418	rejected	c-extension	native	10	1100
pg	48	97	0	445149932	rejected	c-extension	native	4	85
hpricot	46	77	1343	15286467	rejected	c-extension	native	2	10
msgpack	41	100	1273	482639659	rejected	c-extension	native	4	295
zeitwerk	41	164	25952	648512536	rejected	analyze-failed	compiler	25	1330
bigdecimal	40	371	29403	421182723	rejected	c-extension	native	1	8
csv	39	68	6607	158650409	rejected	analyze-failed	compiler	4	112
google-api-client	38	46	0	182126591	rejected	no-entrypoint	compiler	2	14
curb	37	86	0	40539489	rejected	c-extension	native	2	106
oj	36	103	0	289233171	rejected	c-extension	native	2	12
redcarpet	36	83	0	125286740	rejected	c-extension	native	3	112
plist	34	66	0	200940482	rejected	analyze-failed	compiler	4	324
libxml-ruby	33	65	0	28892012	rejected	c-extension	native	21	1104
yajl-ruby	31	91	1428	105716469	rejected	c-extension	native	15	402
net-ldap	31	39	0	85569978	rejected	analyze-failed	compiler	1	12
gosu	30	41	0	1346914	rejected	analyze-failed	compiler	0	0
curses	30	49	0	2136513	rejected	c-extension	native	0	0
serialport	29	50	0	553886	rejected	c-extension	native	5	163
prawn	29	58	0	95770067	rejected	analyze-failed	compiler	7	424
connection_pool	27	172	26400	667262314	rejected	analyze-failed	compiler	5	280
engtagger	27	29	0	2970301	rejected	analyze-failed	compiler	3	704
ox	24	42	0	37631413	rejected	c-extension	native	13	1627
mysql2	24	47	0	233802574	rejected	c-extension	native	6	293
parallel	22	54	1569	770124323	rejected	analyze-failed	compiler	3	42
spring	22	22	0	249439359	rejected	no-entrypoint	compiler	1	60
github_api	20	30	930	9495292	rejected	analyze-failed	compiler	2	149
ruby-hmac	19	25	1248	20957539	rejected	analyze-failed	compiler	1	50
dalli	19	24	0	124361705	rejected	analyze-failed	compiler	3	60
celluloid	19	44	0	165539385	rejected	analyze-failed	compiler	8	212
facets	18	43	0	6084726	rejected	no-entrypoint	compiler	727	10529
rugged	18	43	0	88259264	rejected	c-extension	native	3	9
socksify	18	33	0	76819749	rejected	analyze-failed	compiler	3	442
systemu	17	58	0	106102575	rejected	analyze-failed	compiler	1	289
json_pure	17	37	1373	70496466	rejected	no-entrypoint	compiler	1	2
aws-sdk-core	17	37	929	1679276322	rejected	analyze-failed	compiler	285	19554
thrift	17	29	0	64714168	rejected	c-extension	native	3	50
clipboard	17	41	0	16697494	rejected	analyze-failed	compiler	3	13
racc	16	1266	17371	683573316	rejected	c-extension	native	16	3900
openssl	16	42	0	84388244	rejected	c-extension	native	2	95
rjb	16	21	0	9476334	rejected	c-extension	native	3	29
uuidtools	16	40	734	95925367	rejected	analyze-failed	compiler	3	661
bcrypt-ruby	14	15	0	32068746	rejected	no-entrypoint	compiler	1	106
ruby-dbus	14	19	0	17998615	rejected	analyze-failed	compiler	2	85
debug_inspector	14	19	0	195671698	rejected	c-extension	native	2	22
method_source	13	22	8295	743285853	rejected	hard-feature	metaprog	5	107
unicode_utils	13	20	0	135971261	rejected	other	compiler	47	1384
sunspot_rails	13	13	0	6036498	rejected	analyze-failed	compiler	18	1058
RedCloth	12	19	0	49986029	rejected	c-extension	native	8	683
dry-inflector	12	23	1103	219591995	rejected	other	compiler	7	316
mixlib-cli	12	15	0	73158755	rejected	no-entrypoint	compiler	3	241
slack-notifier	12	18	0	135131543	rejected	analyze-failed	compiler	13	386
therubyracer	12	22	0	59235371	rejected	c-extension	native	30	981
coffee-script-source	11	21	0	259993042	rejected	no-entrypoint	compiler	1	7
heroku	11	19	0	3218105	rejected	no-entrypoint	compiler	20	521
dogstatsd-ruby	11	14	0	128597859	rejected	no-entrypoint	compiler	20	1408
numerizer	11	16	0	78211776	rejected	other	compiler	1	130
pdfkit	10	17	0	29099693	rejected	other	compiler	6	244
hiredis	10	56	0	83496483	rejected	c-extension	native	0	0
geokit	10	15	0	28705441	rejected	analyze-failed	compiler	3	749
matrix	10	22	0	159996880	rejected	analyze-failed	compiler	3	22
contracts	10	13	0	29384833	rejected	analyze-failed	compiler	2	83
soap4r	10	12	0	1548085	rejected	no-entrypoint	compiler	158	17728
asciidoctor	9	20	0	54467660	rejected	analyze-timeout	compiler	1	15
fastimage	9	13	0	195780459	rejected	analyze-failed	compiler	22	1017
rouge	9	33	0	300041761	rejected	analyze-failed	compiler	6	86
thread	9	13	0	16589088	rejected	no-entrypoint	compiler	3	123
ipaddress	9	14	744	181317951	rejected	other	compiler	6	658
rb-appscript	9	13	0	155344	rejected	no-entrypoint	compiler	0	0
trinidad_jars	9	10	0	505102	rejected	no-entrypoint	compiler	1	17
opentracing	9	14	0	61406292	rejected	analyze-failed	compiler	0	0
rgl	9	12	0	4190275	rejected	no-entrypoint	compiler	28	1690
nanoc	9	14	0	1301341	rejected	analyze-failed	compiler	6	123
docile	9	15	0	475607601	rejected	analyze-failed	compiler	6	134
diff-lcs	9	132	30594	1180662338	rejected	other	compiler	11	1093
mixlib-shellout	9	16	0	91369809	rejected	no-entrypoint	compiler	7	1316
unicode	9	16	0	20058999	rejected	c-extension	native	2	17
posix-spawn	9	26	0	27566467	rejected	c-extension	native	4	380
bson	9	72	874	115408147	rejected	c-extension	native	1	16
geoip	8	11	0	28830987	rejected	analyze-failed	compiler	0	0
ruby-ole	8	8	0	82600269	rejected	no-entrypoint	compiler	11	1596
beefcake	8	15	0	8828632	rejected	analyze-failed	compiler	7	633
rest_client	8	13	0	2638007	rejected	no-entrypoint	compiler	0	0
citrus	8	16	0	72520062	rejected	analyze-failed	compiler	3	83
sorbet-runtime	8	17	0	136994292	rejected	analyze-failed	compiler	1	119
ffaker	8	9	0	71589847	rejected	analyze-failed	compiler	2	853
merb-core	8	9	0	304839	rejected	analyze-failed	compiler	90	6995
mini_racer	8	11	0	34015136	rejected	c-extension	native	3	97
couchbase	8	10	0	851454	rejected	c-extension	native	5	204
prometheus-client	8	9	0	61557242	rejected	other	compiler	2	67
cri	7	15	0	17039185	rejected	analyze-failed	compiler	3	43
memcached	7	8	0	3630765	rejected	c-extension	native	6	552
escape	7	17	0	92727741	rejected	other	compiler	12	167
digest-crc	7	11	0	292693130	rejected	no-entrypoint	compiler	29	1371
celluloid-io	7	22	0	131848448	rejected	no-entrypoint	compiler	2	48
gnuplot	7	10	0	1880248	rejected	analyze-failed	compiler	2	53
nkf	6	13	704	96291651	rejected	c-extension	native	2	102
moji	6	9	0	6583542	rejected	analyze-failed	compiler	2	546
rdiscount	6	14	880	12917582	rejected	c-extension	native	2	22
graphql-client	6	8	0	90540556	rejected	no-entrypoint	compiler	35	1821
simple_uuid	6	14	0	1996807	rejected	analyze-failed	compiler	1	142
google-cloud-pubsub	6	7	0	45132699	rejected	analyze-failed	compiler	29	2438
sbf-dm-core	6	9	0	4016	rejected	analyze-failed	compiler	96	8992
facter	6	15	0	49991408	rejected	analyze-failed	compiler	6	127
oily_png	6	11	0	15447804	rejected	c-extension	native	3	31
aduki	6	6	0	77881	rejected	analyze-failed	compiler	6	365
win32api	6	6	0	2481532	rejected	analyze-failed	compiler	2	41
patron	6	19	0	5779221	rejected	c-extension	native	8	332
pycall	6	6	0	3834184	rejected	c-extension	native	22	1327
murmurhash3	6	7	0	57750444	rejected	c-extension	native	0	0
algorithms	6	10	0	6287526	rejected	c-extension	native	14	1392
fast-stemmer	6	9	0	7742905	rejected	c-extension	native	2	7
minitar	6	29	952	55278975	rejected	analyze-failed	compiler	2	1200
diplomat	6	11	0	25871214	rejected	analyze-failed	compiler	24	1214
dry-cli	5	9	0	35698174	rejected	no-entrypoint	compiler	5	162
ruby-ip	5	5	0	17494085	rejected	other	compiler	4	338
bond	5	9	0	5726124	rejected	c-extension	native	1	67
net-dns	5	7	0	5022831	rejected	no-entrypoint	compiler	4	70
bcrypt	5	14	0	390619189	rejected	c-extension	native	1	106
retriable	5	11	0	376570517	rejected	analyze-failed	compiler	6	435
inspec	5	5	0	27311341	rejected	no-entrypoint	compiler	4	90
zip-zip	5	12	0	35857459	rejected	no-entrypoint	compiler	2	36
prism	5	8	26935	144653408	rejected	c-extension	native	2	8
andand	5	9	0	4703968	rejected	analyze-failed	compiler	2	96
rb-fsevent	5	169	1890	488307934	rejected	c-extension	native	4	115
gtk2	5	8	0	711864	rejected	c-extension	native	2	100
atomic	5	10	0	28562753	rejected	c-extension	native	17	461
json-jwt	5	8	0	103801821	rejected	no-entrypoint	compiler	8	980
timers	5	12	777	199748476	rejected	analyze-failed	compiler	8	359
ptools	5	16	0	2946804	rejected	analyze-failed	compiler	1	252
visionmedia-commander	5	7	0	78051	rejected	analyze-failed	compiler	14	479
puppet	5	12	0	30118926	rejected	analyze-failed	compiler	1	55
commonmarker	5	7	0	91209370	rejected	analyze-failed	compiler	2	47
whittle	5	6	0	128228	rejected	other	compiler	12	437
fiddle	5	16	0	18578129	rejected	c-extension	native	11	1794
escape_utils	4	11	0	61914439	rejected	c-extension	native	13	149
http_parser.rb	4	81	1535	170551128	rejected	c-extension	native	2	18
ibm_cloud_sdk_core	4	4	0	608833	rejected	analyze-failed	compiler	16	620
poltergeist	4	6	0	38427031	rejected	no-entrypoint	compiler	3	59
rack-proxy	4	9	0	169097497	rejected	other	compiler	4	423
narray	4	13	0	1909062	rejected	no-entrypoint	compiler	2	11
ruby-mp3info	4	6	0	5732273	rejected	analyze-failed	compiler	3	1037
gitlab	4	15	0	111016251	rejected	analyze-failed	compiler	6	838
yaml	4	21	0	13318648	rejected	analyze-failed	compiler	4	310
rb-blink1	4	6	0	22074	rejected	c-extension	native	2	89
lograge	4	6	0	188720893	rejected	analyze-failed	compiler	13	357
http-2	4	15	0	29375055	rejected	no-entrypoint	compiler	19	2610
pg_query	4	4	0	66140409	rejected	c-extension	native	15	1257
ruby2_keywords	4	13	33476	458954945	rejected	analyze-failed	compiler	1	31
winrm	4	6	0	22753533	rejected	analyze-failed	compiler	7	438
decisiontree	4	4	0	196487	rejected	other	compiler	2	265
git-version-bump	4	4	0	3889095	rejected	analyze-failed	compiler	3	340
safe_yaml	4	30	4898	209923069	rejected	analyze-failed	compiler	1	24
rack-test	4	12	8946	773194301	rejected	no-entrypoint	compiler	2	161
user_agent_parser	4	4	0	40864785	rejected	other	compiler	7	348
gtk3	4	10	0	505649	rejected	c-extension	native	80	3775
SystemTimer	4	5	0	1624556	rejected	c-extension	native	4	164
RubyInline	4	5	0	9120268	rejected	analyze-failed	compiler	1	519
watchr	4	9	0	2634608	rejected	analyze-failed	compiler	7	349
hkdf	4	6	0	14800240	rejected	analyze-failed	compiler	2	63
vault	4	10	0	57699777	rejected	analyze-failed	compiler	3	160
mysql	4	11	0	10913884	rejected	c-extension	native	1	41
caxlsx	4	5	0	47862073	rejected	analyze-failed	compiler	149	8529
pusher	4	5	0	43229764	rejected	analyze-failed	compiler	2	43
dry-initializer	4	9	0	125294749	rejected	analyze-failed	compiler	2	14
callsite	4	6	0	10000151	rejected	analyze-failed	compiler	7	176
ecdsa	4	8	0	2038172	rejected	analyze-failed	compiler	35	842
fileutils	4	15	0	18507860	rejected	analyze-failed	compiler	1	1183
ncurses-ruby	4	6	0	37714	rejected	c-extension	native	2	296
phony	4	7	0	35863358	rejected	analyze-failed	compiler	59	10463
nagiosplugin	3	3	0	134373	rejected	other	compiler	2	37
tty-spinner	3	4	0	151089415	rejected	analyze-failed	compiler	5	728
amazon-ec2	3	4	0	1214704	rejected	other	compiler	30	1643
jsonapi-serializable	3	3	0	6318381	rejected	no-entrypoint	compiler	11	522
cassandra-driver	3	4	0	11360348	rejected	c-extension	native	140	15434
jsender	3	7	0	237435	rejected	other	compiler	4	70
mixlib-log	3	12	0	65080212	rejected	no-entrypoint	compiler	1	26
ruby-odbc	3	6	0	7988197	rejected	c-extension	native	1	435
timeliness	3	4	0	50101291	rejected	analyze-failed	compiler	3	10
values	3	3	0	3894958	rejected	analyze-failed	compiler	1	52
whois	3	4	0	15778031	rejected	other	compiler	273	10125
soap4r-ruby1.9	3	4	0	7780720	rejected	no-entrypoint	compiler	159	17746
kommando	3	3	0	68093	rejected	analyze-failed	compiler	10	481
mash	3	3	0	220950	rejected	analyze-failed	compiler	1	129
crimp	3	4	0	300728	rejected	analyze-failed	compiler	1	43
http-rest_client	3	3	0	18458	rejected	no-entrypoint	compiler	5	123
io-console	3	288	0	193956173	rejected	no-entrypoint	compiler	1	19
mandrill-api	3	3	0	8814666	rejected	analyze-failed	compiler	3	642
zookeeper	3	29	0	11115301	rejected	c-extension	native	22	1432
phone	3	3	0	6212129	rejected	analyze-failed	compiler	1	7
rack-openid	3	4	0	8160666	rejected	no-entrypoint	compiler	3	286
dropbox-sdk	3	5	0	2471152	rejected	analyze-failed	compiler	6	322
mqtt	3	8	0	5162089	rejected	other	compiler	38	1643
tty-command	3	7	0	55917790	rejected	analyze-failed	compiler	15	796
escort	3	10	0	179252	rejected	analyze-failed	compiler	44	2531
gitlab-grit	3	3	0	3206189	rejected	analyze-failed	compiler	37	3642
http_router	3	6	0	5898864	rejected	analyze-failed	compiler	25	1071
dnssd	3	6	0	414980	rejected	c-extension	native	12	655
levenshtein	3	5	0	3230458	rejected	c-extension	native	2	22
optparse	3	8	0	107832410	rejected	analyze-failed	compiler	1	39
nio4r	3	19	5716	643065500	rejected	c-extension	native	8	414
async	3	13	0	48851407	rejected	analyze-failed	compiler	4	80
ruby-oci8	3	6	0	4582572	rejected	c-extension	native	12	3284
stemmer	3	4	0	944749	rejected	other	compiler	2	133
nmatrix	3	6	0	138937	rejected	c-extension	native	2	43
ltsv	3	3	0	38980478	rejected	other	compiler	3	46
unix-whereis	3	3	0	85332	rejected	no-entrypoint	compiler	1	69
bio-logger	3	4	0	39140	rejected	analyze-failed	compiler	7	436
discordrb	3	5	0	2811605	rejected	analyze-failed	compiler	5	233
gpgme	3	8	0	55463968	rejected	c-extension	native	17	1331
active_interaction	3	3	0	5982479	rejected	analyze-failed	compiler	19	576
raindrops	3	10	0	122217170	rejected	c-extension	native	10	698
fixwhich	3	3	0	22730	rejected	analyze-failed	compiler	1	21
open-uri	3	5	0	4823313	rejected	analyze-failed	compiler	1	33
bluecloth	3	4	0	5290028	rejected	c-extension	native	1	112
rubypants	3	3	0	38137381	rejected	analyze-failed	compiler	3	162
ancestry	3	3	0	37041541	rejected	analyze-failed	compiler	4	48
benchmark-ips	3	4	0	85454529	rejected	no-entrypoint	compiler	12	819
train	3	5	0	26503317	rejected	no-entrypoint	compiler	5	402
ParseTree	3	6	0	539116	rejected	analyze-failed	compiler	4	1383
fastlane	3	5	0	198421475	rejected	no-entrypoint	compiler	5	67
executable-hooks	3	3	0	44929366	rejected	analyze-failed	compiler	9	372
ruby_protobuf	3	3	0	1315491	rejected	no-entrypoint	compiler	24	3209
spree_extension	3	4	0	1709125	rejected	analyze-failed	compiler	6	133
gnista	3	3	0	348544	rejected	c-extension	native	2	54
browser	3	4	0	138349789	rejected	analyze-failed	compiler	3	38
git_store	3	3	0	9392	rejected	analyze-failed	compiler	9	959
numo-narray	3	11	0	6940791	rejected	no-entrypoint	compiler	3	702
rollbar	3	4	0	74005255	rejected	hard-feature	metaprog	2	55
titleize	3	7	0	1337309	rejected	analyze-failed	compiler	2	80
roda	3	7	0	19714282	rejected	analyze-failed	compiler	4	78
ruby-units	3	5	0	3950083	rejected	analyze-failed	compiler	12	1414
ruby-opencv	2	2	0	198944	rejected	c-extension	native	3	23
nokolexbor	2	2	0	346827	rejected	c-extension	native	9	842
power_assert	2	12	0	79679793	rejected	hard-feature	metaprog	8	559
soap4r-ng	2	3	0	1240030	rejected	no-entrypoint	compiler	160	17897
girl_friday	2	2	0	1422472	rejected	analyze-failed	compiler	8	767
taf2-curb	2	2	0	68510	rejected	c-extension	native	2	85
depq	2	2	0	39201	rejected	analyze-failed	compiler	1	1045
antlr3	2	5	0	193032	rejected	analyze-failed	compiler	37	9414
tty-config	2	3	0	779821	rejected	analyze-failed	compiler	15	661
ftpd	2	2	0	723344	rejected	analyze-failed	compiler	76	2402
lz4-ruby	2	2	0	2893322	rejected	c-extension	native	2	134
rack-oauth2	2	2	0	80192000	rejected	no-entrypoint	compiler	16	1236
shellany	2	2	0	134819483	rejected	other	compiler	3	78
ffi-aspell	2	3	0	578439	rejected	no-entrypoint	compiler	5	259
google-cloud-storage	2	5	0	222462719	rejected	analyze-failed	compiler	2	53
stick	2	2	0	25427	rejected	no-entrypoint	compiler	44	3723
rethinkdb	2	2	0	389804	rejected	analyze-failed	compiler	2	17
syslogger	2	5	0	7135976	rejected	analyze-failed	compiler	1	43
itunes-client	2	2	0	48916	rejected	other	compiler	7	259
mtik	2	2	0	75468	rejected	analyze-failed	compiler	7	822
immutable-struct	2	2	0	2696194	rejected	analyze-failed	compiler	1	87
about_pos	2	2	0	20259	rejected	analyze-failed	compiler	1	166
digest	2	5	5506	26017844	rejected	c-extension	native	1	6
crc	2	2	0	328482	rejected	analyze-timeout	compiler	0	0
rubyfish	2	3	0	299833	rejected	other	compiler	11	628
wiringpi	2	3	0	37328	rejected	c-extension	native	9	320
cdt-utilities	2	2	0	14624	rejected	no-entrypoint	compiler	7	56
memcache-client	2	5	0	10552234	rejected	analyze-failed	compiler	4	64
tmail	2	6	0	338421	rejected	c-extension	native	62	10464
scalpel	2	2	0	76633	rejected	other	compiler	1	42
errbit_plugin	2	2	0	69209	rejected	other	compiler	6	136
cairo	2	6	0	2513333	rejected	c-extension	native	1	251
simple_cache_rs	2	2	0	37277	rejected	analyze-failed	compiler	7	288
rbczmq	2	3	0	193605	rejected	c-extension	native	25	450
settingslogic	2	8	0	36659931	rejected	analyze-failed	compiler	1	133
github-markdown	2	2	0	1767138	rejected	no-entrypoint	compiler	4	134
aws-sigv4	2	8	0	1497728649	rejected	analyze-failed	compiler	7	599
configuration	2	46	0	1504257	rejected	analyze-failed	compiler	3	72
cmdparser	2	2	0	6922	rejected	analyze-failed	compiler	2	48
session	2	2	0	11051342	rejected	analyze-failed	compiler	4	157
securerandom	2	3	25221	188257739	rejected	analyze-failed	compiler	1	11
arbre	2	2	0	51740693	rejected	analyze-failed	compiler	8	384
uri-ssh_git	2	2	0	2059837	rejected	no-entrypoint	compiler	3	28
rchardet	2	3	1438	153831574	rejected	other	compiler	37	6042
hikidoc	2	3	0	99529	rejected	analyze-failed	compiler	1	730
yui-compressor	2	6	0	10835816	rejected	no-entrypoint	compiler	9	215
rodauth	2	2	0	875760	rejected	analyze-failed	compiler	14	1829
multibases	2	2	0	22902	rejected	analyze-failed	compiler	12	801
hashdiff	2	6	0	400759105	rejected	other	compiler	9	503
rserve-client	2	3	0	1404195	rejected	analyze-failed	compiler	35	2454
ruby-stemmer	2	7	0	7236884	rejected	no-entrypoint	compiler	2	42
net-http-digest_auth	2	3	0	39971743	rejected	no-entrypoint	compiler	1	90
gem-release	2	2	0	24314293	rejected	analyze-failed	compiler	43	2020
openfact	2	2	0	244237	rejected	analyze-failed	compiler	954	23729
bblib	2	2	0	29252	rejected	analyze-failed	compiler	75	4052
handlebars-source	2	2	0	2752888	rejected	no-entrypoint	compiler	1	10
bin_utils	2	2	0	41831	rejected	c-extension	native	3	921
mkfifo	2	3	0	199715	rejected	no-entrypoint	compiler	1	3
charlock_holmes	2	3	0	65019509	rejected	c-extension	native	4	56
fattr	2	21	0	15462349	rejected	analyze-failed	compiler	3	202
sysrandom	2	2	0	36717420	rejected	c-extension	native	3	57
green_shoes	2	3	0	168561	rejected	analyze-failed	compiler	51	7184
jeremymcanally-context	2	2	0	20351	rejected	analyze-failed	compiler	9	238
god	2	4	0	5900935	rejected	c-extension	native	2	47
selenium-client	2	3	0	1650685	rejected	analyze-failed	compiler	27	1532
snappy	2	3	0	15252356	rejected	c-extension	native	2	45
string-similarity	2	2	0	3165020	rejected	other	compiler	4	85
distance_measures	2	2	0	593314	rejected	c-extension	native	5	76
orderedhash	2	2	0	3174365	rejected	analyze-failed	compiler	2	204
id3lib-ruby	2	3	0	122177	rejected	analyze-failed	compiler	3	518
jsonapi-resources	2	2	0	8324958	rejected	analyze-failed	compiler	5	67
zendesk_api	2	4	0	43429135	rejected	analyze-failed	compiler	38	2959
rackup	2	7	7823	148194259	rejected	analyze-failed	compiler	1	1
fcoury-octopi	2	2	0	32733	rejected	analyze-failed	compiler	13	703
tk	2	3	0	87641	rejected	c-extension	native	2	249
configurations	2	4	0	803801	rejected	analyze-failed	compiler	21	715
kdtree	2	2	0	1891065	rejected	c-extension	native	1	1
rgeo	2	6	0	33968294	rejected	c-extension	native	4	490
rbtree	2	10	0	65863739	rejected	no-entrypoint	compiler	2	989
rley	2	2	0	239147	rejected	analyze-failed	compiler	78	4084
geometry	2	2	0	80654	rejected	analyze-failed	compiler	1	47
jets-bundler	2	2	0	2263	rejected	no-entrypoint	compiler	2	35
chef-api	2	2	0	1157578	rejected	analyze-failed	compiler	35	1717
speedytime	2	2	0	72097	rejected	no-entrypoint	compiler	1	3
extlib	2	90	0	18138917	rejected	analyze-failed	compiler	3	22
swe4r	2	2	0	13361	rejected	c-extension	native	1	1
attr_encrypted	2	3	0	77019931	rejected	analyze-failed	compiler	4	207
cgi	2	5	0	60223456	rejected	c-extension	native	8	395
iconv	2	8	0	16686733	rejected	c-extension	native	2	7
yoyoyo	2	2	0	19643	rejected	no-entrypoint	compiler	0	0
openssl-ccm	2	4	0	4692004	rejected	no-entrypoint	compiler	2	103
arrayfields	2	13	0	4786750	rejected	analyze-failed	compiler	1	387
keccak	2	2	0	2371766	rejected	no-entrypoint	compiler	2	84
asciidoctor-diagram	2	3	0	3621202	rejected	analyze-failed	compiler	2	88
unicode-categories	2	3	0	218723	rejected	no-entrypoint	compiler	4	66
proc-wait3	2	2	0	329430	rejected	c-extension	native	1	1
qiniu	2	4	0	1296516	rejected	analyze-failed	compiler	2	10
hoe	2	3	0	9301081	rejected	analyze-failed	compiler	1	103
osaka	2	2	0	67613	rejected	other	compiler	22	1187
ruby-serialport	2	2	0	23466	rejected	c-extension	native	1	29
boson	2	3	0	328931	rejected	analyze-failed	compiler	37	1909
svg_optimizer	2	2	0	775725	rejected	analyze-failed	compiler	17	397
filewatch	2	3	0	2729652	rejected	no-entrypoint	compiler	5	562
erubi	2	19	8540	589902327	rejected	analyze-failed	compiler	3	296
much-stub	2	3	0	61574	rejected	analyze-failed	compiler	4	378
fullname-parser	2	2	0	172613	rejected	no-entrypoint	compiler	2	213
time-lord	2	4	0	108428	rejected	analyze-failed	compiler	2	72
transparent_proxy	2	2	0	24709	rejected	analyze-failed	compiler	1	33
client_side_validations	2	2	0	4943996	rejected	analyze-failed	compiler	2	9
simple_oauth	2	5	0	41844380	rejected	analyze-failed	compiler	8	290
batch-loader	2	2	0	45625843	rejected	analyze-failed	compiler	4	218
async-http	2	7	0	16592071	rejected	no-entrypoint	compiler	6	320
enumerable-statistics	2	2	0	5810653	rejected	c-extension	native	5	50
smart_properties	2	2	0	46509657	rejected	analyze-failed	compiler	7	394
otherinbox-crypt19	2	2	0	1344464	rejected	no-entrypoint	compiler	11	1091
map	2	18	0	6412760	rejected	analyze-failed	compiler	10	268
fast_xs	2	2	0	2616250	rejected	c-extension	native	1	48
syck	2	3	0	3312343	rejected	c-extension	native	16	1364
bitset	2	3	0	92088	rejected	c-extension	native	1	16
optionable	2	4	0	2895067	rejected	other	compiler	7	111
github-linguist	2	4	0	16266227	rejected	c-extension	native	1	7
airbrake-ruby	2	3	0	31986704	rejected	analyze-failed	compiler	56	2938
simple-rss	2	6	0	2111229	rejected	analyze-failed	compiler	1	17
stackprof	2	3	0	148080388	rejected	c-extension	native	5	235
rubysdl	2	5	0	54431	rejected	analyze-failed	compiler	3	628
xxhash	2	5	0	14959398	rejected	c-extension	native	2	83
yard-appendix	2	2	0	855423	rejected	analyze-failed	compiler	9	238
PriorityQueue	2	2	0	325933	rejected	c-extension	native	4	46
i18n-active_record	2	2	0	4055820	rejected	no-entrypoint	compiler	8	201
spring_standalone	2	2	0	2744	rejected	no-entrypoint	compiler	4	33
safe_shell	2	5	0	8126592	rejected	other	compiler	2	37
ruby-nmap	2	3	0	680143	rejected	analyze-failed	compiler	31	1254
distribution	2	2	0	5725249	rejected	analyze-failed	compiler	2	49
ember-source	2	5	0	2503363	rejected	no-entrypoint	compiler	1	7
parseconfig	2	9	0	34781490	rejected	analyze-failed	compiler	2	140
statistics2	2	2	0	3115456	rejected	c-extension	native	3	449
ruby2d	2	3	0	112535	rejected	c-extension	native	5	164
forgery	2	2	0	7180610	rejected	analyze-failed	compiler	28	699
bankscrap	2	3	0	37211	rejected	analyze-failed	compiler	4	235
smaak	2	2	0	136202	rejected	analyze-failed	compiler	12	632
vagrant-vbguest	2	2	0	2682334	rejected	analyze-failed	compiler	3	74
raabro	2	16	0	186737383	rejected	analyze-failed	compiler	1	462
google_hash	2	2	0	243981	rejected	no-entrypoint	compiler	0	0
ruby-libvirt	2	3	0	2894629	rejected	c-extension	native	1	22
carray	2	6	0	52266	rejected	c-extension	native	2	642
toolrack	2	3	0	60524	rejected	analyze-failed	compiler	18	1204
dbi	2	4	0	1224648	rejected	analyze-failed	compiler	5	218
fabrication	2	2	0	13180574	rejected	analyze-failed	compiler	2	13
baza	2	2	0	211816	rejected	analyze-failed	compiler	136	5985
pcaprub	2	2	0	4558718	rejected	c-extension	native	4	63
bert	2	6	0	524425	rejected	c-extension	native	7	434
ZenTest	2	5	0	12783827	rejected	analyze-failed	compiler	5	708
source_finder	2	2	0	201732	rejected	other	compiler	8	241
phraseapp-ruby	1	1	0	1905077	rejected	analyze-failed	compiler	4	5022
mojo_magick	1	1	0	872866	rejected	analyze-failed	compiler	10	314
qpid_messaging	1	1	0	153238	rejected	c-extension	native	9	370
async-redis	1	1	0	725300	rejected	no-entrypoint	compiler	16	1000
totem	1	1	0	20117	rejected	analyze-failed	compiler	6	217
workarea	1	1	0	191401	rejected	no-entrypoint	compiler	6	318
hexdump	1	3	0	265675	rejected	analyze-failed	compiler	26	1064
any	1	1	0	72248	rejected	other	compiler	6	74
threaded_in_memory_queue	1	1	0	32046	rejected	analyze-failed	compiler	6	170
change	1	1	0	26146	rejected	analyze-failed	compiler	15	321
zfs	1	1	0	37745	rejected	analyze-failed	compiler	4	124
iban-tools	1	1	0	6573863	rejected	other	compiler	4	193
secure_yaml	1	1	0	6047279	rejected	analyze-failed	compiler	6	101
dicks	1	1	0	357073	rejected	no-entrypoint	compiler	2	23
random_text	1	1	0	62911	rejected	analyze-failed	compiler	3	116
async-webdriver	1	1	0	15091	rejected	no-entrypoint	compiler	35	1584
google-appengine	1	1	0	107978	rejected	no-entrypoint	compiler	0	0
rails_event_store	1	1	0	8595073	rejected	analyze-failed	compiler	1	8
memcached-northscale	1	1	0	55636	rejected	c-extension	native	7	566
ractor-tvar	1	1	0	8273	rejected	no-entrypoint	compiler	2	16
dmarkow-raspell	1	1	0	27480	rejected	c-extension	native	1	41
rack-ssl	1	2	0	39085720	rejected	no-entrypoint	compiler	3	10
delegate	1	1	0	1102711	rejected	analyze-failed	compiler	2	27
skylight	1	1	0	12603687	rejected	c-extension	native	0	0
week	1	1	0	11475	rejected	analyze-failed	compiler	1	49
rack-mount	1	1	0	16878457	rejected	no-entrypoint	compiler	28	2498
ruby-dtrace	1	1	0	30784	rejected	c-extension	native	14	281
fast_blank	1	1	0	62044745	rejected	no-entrypoint	compiler	0	0
rack-accept	1	4	0	81767480	rejected	no-entrypoint	compiler	1	43
splunk-sdk-ruby	1	1	0	655679	rejected	analyze-failed	compiler	28	1873
win32ole	1	1	0	2669440	rejected	c-extension	native	13	321
brotli	1	1	0	4666462	rejected	c-extension	native	4	193
ipaddr_list	1	1	0	58250	rejected	analyze-failed	compiler	1	138
test-spec	1	4	0	681729	rejected	no-entrypoint	compiler	5	688
php_embed	1	1	0	24578	rejected	c-extension	native	2	10
mhennemeyer-rwriteboard	1	1	0	13834	rejected	analyze-failed	compiler	2	108
mini_exiftool	1	4	0	5483204	rejected	analyze-failed	compiler	1	430
linecache	1	4	0	3160118	rejected	c-extension	native	2	414
tts	1	2	0	40284	rejected	other	compiler	3	178
narray-bigmem	1	1	0	3938	rejected	c-extension	native	3	530
isbnranges	1	1	0	11165	rejected	analyze-failed	compiler	3	35
pebbles-uid	1	1	0	63988	rejected	analyze-failed	compiler	10	494
BlueCloth	1	2	0	238965	rejected	analyze-failed	compiler	1	677
dumb_delegator	1	1	0	33372094	rejected	analyze-failed	compiler	3	68
opengl-bindings2	1	1	0	13915	rejected	analyze-failed	compiler	22	69068
doodle	1	1	0	104647	rejected	analyze-failed	compiler	33	2574
packable	1	1	0	2791262	rejected	analyze-failed	compiler	11	408
unicode-eaw	1	1	0	35944	rejected	no-entrypoint	compiler	3	48
pagerduty	1	2	0	17752805	rejected	other	compiler	1	52
pact-support	1	1	0	36181512	rejected	no-entrypoint	compiler	81	3391
pdf-writer	1	1	0	1113393	rejected	no-entrypoint	compiler	35	4826
wiringpi2	1	1	0	9282	rejected	c-extension	native	7	256
otakumike-ruby-lvm-attrib	1	1	0	4496	rejected	no-entrypoint	compiler	1	22
slim-rails	1	1	0	44349278	rejected	analyze-failed	compiler	7	168
simple_record	1	2	0	423752	rejected	analyze-failed	compiler	14	2557
libxml-to-hash	1	2	0	72231	rejected	other	compiler	2	107
flickraw-cached	1	1	0	176662	rejected	no-entrypoint	compiler	0	0
opentelemetry-api	1	2	0	68987490	rejected	other	compiler	36	987
json_validation	1	2	0	9589	rejected	analyze-failed	compiler	33	593
gamespy_query	1	1	0	91691	rejected	analyze-failed	compiler	7	658
oniguruma	1	1	0	93081	rejected	c-extension	native	1	210
acts_as_taggable_on_steroids	1	1	0	27593	rejected	analyze-failed	compiler	6	294
types	1	2	0	20848	rejected	analyze-failed	compiler	23	680
to_words	1	1	0	2487468	rejected	other	compiler	5	180
resolv	1	2	0	9731205	rejected	c-extension	native	1	27
cmdparse	1	2	0	13465588	rejected	analyze-failed	compiler	1	427
zabbix_sender_api	1	1	0	20223	rejected	other	compiler	3	245
pura-processing	1	1	0	278	rejected	analyze-failed	compiler	7	245
similar_text	1	1	0	3458902	rejected	c-extension	native	2	6
media-path	1	1	0	29101	rejected	analyze-failed	compiler	1	170
ruby-uuid	1	1	0	157325	rejected	analyze-failed	compiler	1	208
net_tcp_client	1	2	0	1069915	rejected	other	compiler	10	476
appengine-apis	1	1	0	196159	rejected	analyze-failed	compiler	20	1871
processingjs-source	1	1	0	11042	rejected	no-entrypoint	compiler	2	17
gsl	1	5	0	618771	rejected	c-extension	native	4	150
async-dns	1	2	0	3134275	rejected	no-entrypoint	compiler	13	729
mattetti-couchrest	1	1	0	85693	rejected	analyze-failed	compiler	48	3038
equire	1	1	0	7162	rejected	analyze-failed	compiler	2	213
typespec	1	1	0	28857	rejected	analyze-failed	compiler	2	160
jbundler	1	3	0	431719	rejected	analyze-failed	compiler	19	1119
alexvollmer-clip	1	1	0	8214	rejected	analyze-failed	compiler	1	283
ruleby	1	1	0	169293	rejected	analyze-failed	compiler	9	2079
fast-polylines	1	1	0	1917256	rejected	c-extension	native	3	19
actsasflinn-ruby-tokyotyrant	1	1	0	42035	rejected	no-entrypoint	compiler	0	0
pauldix-feedzirra	1	1	0	41597	rejected	analyze-failed	compiler	15	489
iodine	1	1	0	513626	rejected	c-extension	native	9	204
apache_log-parser	1	1	0	31053	rejected	no-entrypoint	compiler	2	56
mojodna-fireeagle	1	1	0	20370	rejected	analyze-failed	compiler	9	292
scrambled_eggs	1	1	0	8192	rejected	analyze-failed	compiler	2	41
stash	1	1	0	16708	rejected	c-extension	native	15	369
brianmario-yajl-ruby	1	1	0	105755	rejected	c-extension	native	14	319
picky	1	2	0	913297	rejected	c-extension	native	2	37
prowl	1	1	0	28302	rejected	analyze-failed	compiler	2	40
amazing_print	1	3	0	34069436	rejected	analyze-failed	compiler	38	1534
secured_cloud_api_client	1	1	0	19574	rejected	analyze-timeout	compiler	9	764
tapioca	1	1	0	29683320	rejected	hard-feature	metaprog	2	26
seam	1	1	0	140009	rejected	analyze-failed	compiler	2	52
exiv2	1	1	0	73614	rejected	c-extension	native	6	60
scrivener	1	2	0	330016	rejected	analyze-failed	compiler	4	49
scoped-search	1	1	0	33735	rejected	analyze-failed	compiler	1	90
tdiary	1	1	0	149285	rejected	analyze-failed	compiler	3	299
rbtree3	1	1	0	21818140	rejected	no-entrypoint	compiler	0	0
holiday_japan	1	2	0	3813289	rejected	analyze-failed	compiler	1	202
time_span	1	1	0	39846	rejected	analyze-failed	compiler	2	207
rbtagger	1	1	0	104821	rejected	c-extension	native	5	93960
keyboard_map	1	1	0	7716	rejected	analyze-failed	compiler	2	226
bzip2-ruby	1	1	0	95835	rejected	c-extension	native	5	38
phonelib	1	1	0	73017153	rejected	analyze-failed	compiler	11	1261
pstore	1	3	0	17734628	rejected	analyze-failed	compiler	1	220
rb-scpt	1	1	0	42629	rejected	c-extension	native	18	5535
i3-ipc	1	1	0	30472	rejected	analyze-failed	compiler	6	312
rabbitmq_http_api_client	1	1	0	830937	rejected	no-entrypoint	compiler	5	473
timberline	1	1	0	54654	rejected	analyze-failed	compiler	7	128
syro	1	1	0	210991	rejected	analyze-failed	compiler	2	23
ffi-libc	1	1	0	1967177	rejected	no-entrypoint	compiler	16	348
raspell	1	3	0	219998	rejected	c-extension	native	1	41
pbkdf2	1	2	0	282110	rejected	analyze-failed	compiler	1	122
activesupport-inflector	1	2	0	324000	rejected	no-entrypoint	compiler	18	1130
tldv-data	1	1	0	72386	rejected	no-entrypoint	compiler	1	1455
rest-open-uri	1	1	0	82057	rejected	analyze-failed	compiler	1	449
Text	1	1	0	471485	rejected	no-entrypoint	compiler	0	0
searchkick	1	2	0	25945706	rejected	analyze-failed	compiler	10	1362
spitball	1	1	0	185123	rejected	analyze-failed	compiler	9	451
ackintosh-net-empty_port	1	1	0	5993	rejected	no-entrypoint	compiler	2	33
spork-testunit	1	1	0	223292	rejected	no-entrypoint	compiler	1	84
cpf_cnpj	1	2	0	5125468	rejected	other	compiler	9	326
cielo	1	1	0	27846	rejected	no-entrypoint	compiler	17	524
attr_bool	1	1	0	10161	rejected	analyze-failed	compiler	3	124
hashstruct	1	3	0	17607	rejected	analyze-failed	compiler	1	78
simple_pid	1	1	0	181871	rejected	analyze-failed	compiler	3	84
fast_haversine	1	1	0	1093064	rejected	c-extension	native	2	15
steering-source	1	1	0	98979	rejected	no-entrypoint	compiler	2	30
google-cloud-bigtable	1	1	0	2005263	rejected	analyze-failed	compiler	17	1112
rambling-trie	1	2	0	252200	rejected	other	compiler	26	822
shared-mime-info	1	1	0	3445744	rejected	analyze-failed	compiler	5	508
tcp_timeout	1	1	0	228810	rejected	analyze-failed	compiler	1	129
transmission	1	1	0	5210	rejected	c-extension	native	5	86
StreetAddress	1	1	0	4872859	rejected	analyze-failed	compiler	1	839
priority_queue_cxx	1	2	0	882320	rejected	c-extension	native	1	9
talentbox-unidecoder	1	1	0	91944	rejected	other	compiler	2	60
configstruct	1	1	0	18618	rejected	analyze-failed	compiler	1	52
string-scrub	1	1	0	22101292	rejected	c-extension	native	1	1
rusty_engine_ffi	1	1	0	8862	rejected	analyze-failed	compiler	1	12
rack-cors	1	2	0	258756639	rejected	no-entrypoint	compiler	2	33
cinch-wit	1	1	0	11445	rejected	no-entrypoint	compiler	2	25
random-word	1	2	0	1294496	rejected	other	compiler	5	136
traits	1	1	0	24653	rejected	analyze-failed	compiler	2	1562
cobweb	1	2	0	355295	rejected	analyze-failed	compiler	29	1994
tomdz-soap4r	1	1	0	8968	rejected	no-entrypoint	compiler	159	17750
bound	1	1	0	131199	rejected	analyze-failed	compiler	4	299
nifty-generators	1	1	0	1505836	rejected	no-entrypoint	compiler	63	1329
rsruby	1	1	0	87335	rejected	c-extension	native	4	237
oauth-cli-twitter	1	1	0	9324	rejected	no-entrypoint	compiler	1	110
mecab	1	1	0	225808	rejected	no-entrypoint	compiler	3	50
pbkdf2-ruby	1	2	0	1002838	rejected	analyze-failed	compiler	1	122
rjgit	1	1	0	138466	rejected	analyze-failed	compiler	14	1698
thread-inheritable_attributes	1	1	0	47463	rejected	no-entrypoint	compiler	2	35
safe_colorize	1	4	0	7010	rejected	analyze-failed	compiler	2	40
blake2b	1	3	0	63615	rejected	c-extension	native	2	56
fastthread	1	8	0	4131216	rejected	no-entrypoint	compiler	0	0
micro-optparse	1	1	0	143713	rejected	other	compiler	3	74
rev	1	2	0	95148	rejected	c-extension	native	3	256
rescuer	1	1	0	7516	rejected	analyze-failed	compiler	2	134
mumboe-soap4r	1	3	0	358993	rejected	no-entrypoint	compiler	159	17740
glosbe	1	1	0	29070	rejected	analyze-failed	compiler	10	401
tmp-repo	1	1	0	9529	rejected	analyze-failed	compiler	2	102
to_regexp	1	3	0	21061621	rejected	analyze-failed	compiler	2	66
vagrant-berkshelf	1	1	0	456318	rejected	analyze-failed	compiler	15	523
inplace	1	1	0	8790	rejected	analyze-failed	compiler	2	428
cookiejar	1	44	0	41767977	rejected	other	compiler	5	545
fog-kubevirt	1	1	0	250642	rejected	no-entrypoint	compiler	77	3535
nifty-cloud-sdk	1	1	0	27526	rejected	other	compiler	14	1128
rack-session	1	7	0	169146800	rejected	no-entrypoint	compiler	2	120
red	1	1	0	99792	rejected	analyze-failed	compiler	0	0
rstructural	1	1	0	15448	rejected	analyze-failed	compiler	6	285
meme_generator	1	2	0	52443	rejected	analyze-failed	compiler	1	146
ranges_merger	1	1	0	28327	rejected	analyze-failed	compiler	7	271
mini_mime	1	1	0	828244703	rejected	analyze-failed	compiler	2	151
tor	1	2	0	75618	rejected	analyze-failed	compiler	3	56
rtaglib	1	1	0	33754	rejected	c-extension	native	4	1377
bullet	1	1	0	175116192	rejected	analyze-failed	compiler	1	3
toy-executable-hooks	1	1	0	2103	rejected	analyze-failed	compiler	9	372
referer-parser	1	1	0	8372282	rejected	other	compiler	4	32
filewatcher	1	8	0	2223069	rejected	analyze-failed	compiler	2	55
pandoc-ruby	1	3	0	6436154	rejected	analyze-failed	compiler	1	257
ruby_event_store	1	1	0	8935886	rejected	analyze-failed	compiler	4	67
rucaptcha	1	1	0	535455	rejected	analyze-failed	compiler	8	203
rmmseg-cpp-new	1	1	0	208554	rejected	c-extension	native	3	71
gemoji	1	5	0	56788722	rejected	other	compiler	2	185
twiliolib	1	1	0	677461	rejected	analyze-failed	compiler	1	277
charlock_holmes_bundle_icu	1	5	0	39678	rejected	c-extension	native	4	36
ruby-fsevent	1	1	0	20033	rejected	no-entrypoint	compiler	1	40
bundler-audit	1	5	0	132084344	rejected	no-entrypoint	compiler	7	387
ruby-wisp-source	1	1	0	7085	rejected	no-entrypoint	compiler	1	7
tty-screen	1	9	810	225367019	rejected	analyze-failed	compiler	3	212
zip-container	1	2	0	60738	rejected	analyze-failed	compiler	12	519
mbleigh-mash	1	1	0	9968	rejected	analyze-failed	compiler	1	128
cbc-wrapper	1	1	0	58938	rejected	c-extension	native	2	7
rbscmlex	1	1	0	9970	rejected	analyze-failed	compiler	5	377
ruby-terminfo	1	9	0	1188465	rejected	analyze-failed	compiler	1	84
curl	1	1	0	359056	rejected	analyze-failed	compiler	5	296
scanf	1	1	0	8800879	rejected	analyze-failed	compiler	1	290
wkhtmltopdf-binary	1	6	0	68068871	rejected	no-entrypoint	compiler	0	0
activerecord4-redshift-adapter	1	1	0	993710	rejected	no-entrypoint	compiler	20	1383
mojombo-grit	1	2	0	15623	rejected	analyze-failed	compiler	31	3260
furnace	1	1	0	83908	rejected	other	compiler	4	124
dotgpg-environment	1	1	0	46196	rejected	no-entrypoint	compiler	2	34
rcrypt	1	1	0	5396	rejected	analyze-failed	compiler	1	41
di-ruby-lvm-attrib	1	1	0	4755790	rejected	no-entrypoint	compiler	1	22
rpi_gpio	1	2	0	33398	rejected	c-extension	native	1	293
open-uri-cached	1	2	0	1257269	rejected	no-entrypoint	compiler	1	98
rib	1	2	0	140850	rejected	analyze-failed	compiler	3	90
binding.repl	1	1	0	320880	rejected	analyze-failed	compiler	10	219
ddtrace	1	1	0	98233546	rejected	c-extension	native	2	22
win	1	1	0	97401	rejected	analyze-failed	compiler	3	1123
enumerable-proxy	1	1	0	18405	rejected	analyze-failed	compiler	3	54
datadog	1	3	0	28178861	rejected	c-extension	native	7	91
google-cloud-spanner	1	2	0	2256966	rejected	analyze-failed	compiler	18	1095
ruby-fann	1	2	0	219762	rejected	c-extension	native	4	93
cutest	1	1	0	171418	rejected	analyze-failed	compiler	5	98
spliner	1	2	0	176782	rejected	other	compiler	3	199
rtui	1	1	0	104774	rejected	analyze-failed	compiler	5	259
require_relative	1	1	0	369640	rejected	other	compiler	2	10
cast	1	1	0	51292	rejected	c-extension	native	3	376
color_contrast_calc	1	1	0	28533	rejected	other	compiler	13	1458
card_deck	1	1	0	136363	rejected	analyze-failed	compiler	3	74
creamerscript-sweeteners	1	1	0	8194	rejected	no-entrypoint	compiler	11	218
nbtfile	1	1	0	475337	rejected	analyze-failed	compiler	1	833
punycode4r	1	1	0	974353	rejected	analyze-failed	compiler	1	335
cityhash	1	1	0	7464443	rejected	c-extension	native	2	53
cosmos	1	1	0	270002	rejected	c-extension	native	6	139
redis-session-store	1	1	0	8467321	rejected	analyze-failed	compiler	1	159
loggability	1	1	0	1827984	rejected	analyze-failed	compiler	17	964
notifier	1	5	0	408363	rejected	other	compiler	10	240
code_poetry-html	1	1	0	16437	rejected	analyze-failed	compiler	2	74
cloudxls	1	1	0	51320	rejected	analyze-failed	compiler	7	171
url	1	1	0	15206542	rejected	analyze-failed	compiler	2	118
seanohalpin-smqueue	1	1	0	8944	rejected	analyze-failed	compiler	5	957
ftpfxp	1	1	0	217448	rejected	other	compiler	3	274
ruby_gpg	1	1	0	175682	rejected	other	compiler	1	61
stories	1	1	0	33469	rejected	analyze-failed	compiler	2	75
youtube_id	1	1	0	104953	rejected	other	compiler	2	17
sinatra-websocket	1	1	0	257969	rejected	analyze-failed	compiler	5	163
aws-flow	1	1	0	762849	rejected	no-entrypoint	compiler	10	869
ruby-debug19	1	1	0	799462	rejected	no-entrypoint	compiler	0	0
nokogiri-diff	1	1	0	2249913	rejected	no-entrypoint	compiler	5	64
fast	1	3	0	72578	rejected	analyze-failed	compiler	3	64
bfs	1	1	0	134020	rejected	analyze-failed	compiler	2	99
feedtools	1	1	0	178557	rejected	analyze-failed	compiler	3	196
ruby-cache	1	2	0	176113	rejected	analyze-failed	compiler	1	238
fat_date	1	1	0	608	rejected	analyze-failed	compiler	5	1120
expectr	1	1	0	71189	rejected	analyze-failed	compiler	9	448
esperanto-source	1	1	0	102548	rejected	no-entrypoint	compiler	2	24
hash-keys	1	1	0	15282	rejected	analyze-failed	compiler	2	81
envconfig	1	1	0	15436	rejected	analyze-failed	compiler	1	1
zipruby	1	4	0	2683219	rejected	no-entrypoint	compiler	0	0
damerau-levenshtein	1	2	0	4708666	rejected	c-extension	native	4	191
image_size	1	5	0	13743325	rejected	analyze-failed	compiler	11	828
ejson	1	1	0	18607750	rejected	no-entrypoint	compiler	4	50
obfusk-util	1	1	0	23109	rejected	no-entrypoint	compiler	18	557
regexp_parser	1	19	0	617018092	rejected	analyze-failed	compiler	83	5680
bsm	1	1	0	3540	rejected	c-extension	native	18	440
ruby-imagespec	1	1	0	323040	rejected	analyze-failed	compiler	6	171
camping	1	1	0	135378	rejected	analyze-failed	compiler	0	0
icanhasaudio	1	1	0	32405	rejected	c-extension	native	9	389
highlight	1	1	0	54221	rejected	no-entrypoint	compiler	2	20
sax_stream	1	1	0	67499	rejected	no-entrypoint	compiler	25	1024
marshal-structure	1	1	0	18440	rejected	no-entrypoint	compiler	5	604
baidu_api-geocoding	1	1	0	18167	rejected	no-entrypoint	compiler	5	120
wycats-thor	1	3	0	33121	rejected	analyze-failed	compiler	25	2120
radius	1	1	0	328206	rejected	analyze-failed	compiler	12	2544
ruby-net-ldap	1	1	0	161393	rejected	no-entrypoint	compiler	8	944
fsevents	1	1	0	21652	rejected	analyze-failed	compiler	6	161
tag_helper	1	1	0	779576	rejected	other	compiler	1	28
authenticated_client	1	2	0	55208	rejected	other	compiler	3	52
anyway_config	1	6	0	31510804	rejected	hard-feature	metaprog	42	1840
resolv_fiber	1	1	0	1196	rejected	analyze-failed	compiler	1	1908
system_timer	1	2	0	499985	rejected	c-extension	native	4	164
system-getifaddrs	1	2	0	138348	rejected	no-entrypoint	compiler	2	16
yaml-model	1	1	0	33807	rejected	analyze-failed	compiler	2	187
ruby-ldapserver	1	1	0	281530	rejected	no-entrypoint	compiler	17	2287
do_sqlite3	1	9	0	2432755	rejected	c-extension	native	3	59
do_mysql	1	3	0	1272039	rejected	c-extension	native	4	122
contracts-noop	1	1	0	32595	rejected	no-entrypoint	compiler	4	93
rubysl	1	1	0	347880	rejected	no-entrypoint	compiler	3	8
rocketio	1	2	0	44900	rejected	analyze-failed	compiler	8	236
varint	1	1	0	358240	rejected	no-entrypoint	compiler	1	3
Platform	1	2	0	8651489	rejected	other	compiler	1	50
plissken	1	3	0	1880431	rejected	other	compiler	5	50
alchemy_cms	1	1	0	1050518	rejected	analyze-failed	compiler	107	4547
optix	1	2	0	42323	rejected	analyze-failed	compiler	3	801
ahoy_matey	1	1	0	12265887	rejected	analyze-failed	compiler	1	3
optparse_plus	1	1	0	7179	rejected	analyze-failed	compiler	2	144
ri_cal	1	2	0	2418206	rejected	analyze-failed	compiler	96	7702
jdbc-nuodb	1	1	0	16943	rejected	no-entrypoint	compiler	1	22
strscan	1	22	0	96513693	rejected	c-extension	native	3	378
rails-settings-cached	1	1	0	10452540	rejected	analyze-failed	compiler	6	342
sortable-rails	1	1	0	173697	rejected	no-entrypoint	compiler	2	12
ShyCouch	1	1	0	64574	rejected	analyze-failed	compiler	3	657
neatjson	1	1	0	6760802	rejected	other	compiler	1	135
circleci	1	1	0	1882804	rejected	analyze-failed	compiler	9	797
as-duration	1	1	0	64314	rejected	other	compiler	8	182
phashion	1	2	0	3234474	rejected	c-extension	native	2	39
chemistry-element	1	1	0	5323	rejected	no-entrypoint	compiler	121	882
chef-ruby-lvm-attrib	1	1	0	5522100	rejected	no-entrypoint	compiler	2	29
ce-greenbutton	1	1	0	26744	rejected	analyze-failed	compiler	19	568
mimetype-fu	1	1	0	616329	rejected	analyze-failed	compiler	2	31
ruby-filemagic	1	4	0	7319457	rejected	c-extension	native	4	201
graphicsmagick	1	1	0	141373	rejected	analyze-failed	compiler	8	189
docsplit	1	3	0	1536819	rejected	analyze-failed	compiler	5	101
fast-aes	1	1	0	123567	rejected	c-extension	native	2	6
basecamp	1	1	0	83140	rejected	no-entrypoint	compiler	100	7499
leveldb-ruby	1	1	0	85350	rejected	c-extension	native	1	73
graphql-batch	1	1	0	27182125	rejected	no-entrypoint	compiler	7	287
buttercms-ruby	1	1	0	604588	rejected	analyze-failed	compiler	18	415
sasso	1	2	0	0	rejected	analyze-failed	compiler	6	228
bootstrap_forms	1	1	0	302064	rejected	analyze-failed	compiler	9	539
structure	1	2	0	338811	rejected	analyze-failed	compiler	6	681
qonfig	1	1	0	2559477	rejected	analyze-failed	compiler	98	3378
allocation_stats	1	1	0	1212243	rejected	analyze-failed	compiler	5	420
bit_utils	1	1	0	19531	rejected	c-extension	native	10	163
bio-data-restriction_enzyme	1	1	0	5830	rejected	no-entrypoint	compiler	0	0
rio	1	2	0	99350	rejected	analyze-failed	compiler	19	677
xmlparser	1	1	0	400986	rejected	c-extension	native	41	9286
opener	1	2	0	71956	rejected	other	compiler	10	451
google-cloud-bigquery	1	4	0	24376893	rejected	analyze-failed	compiler	19	966
configurability	1	1	0	183885	rejected	analyze-failed	compiler	5	639
easystats	1	1	0	248767	rejected	analyze-failed	compiler	2	70
hocon	1	1	0	25732308	rejected	analyze-failed	compiler	88	7901
mailchimp-api	1	1	0	5639289	rejected	analyze-failed	compiler	3	955
libxml-xmlrpc	1	1	0	165999	rejected	no-entrypoint	compiler	4	374
bcat	1	2	0	212629	rejected	analyze-failed	compiler	6	548
nyaplot	1	1	0	152662	rejected	analyze-failed	compiler	3	40
backbone-rails	1	1	0	1475221	rejected	other	compiler	3	15
keepass-password-generator	1	1	0	1032864	rejected	other	compiler	6	180
ruby2c	1	1	0	22217	rejected	analyze-failed	compiler	11	1624
rumoji	1	2	0	3356139	rejected	other	compiler	8	1091
wapiti	1	2	0	170489	rejected	c-extension	native	10	558
jls-grok	1	1	0	8120924	rejected	analyze-failed	compiler	7	449
locomotivecms-liquid	1	1	0	85761	rejected	analyze-failed	compiler	49	2459
sys-host	1	1	0	75212	rejected	no-entrypoint	compiler	0	0
erlectricity	1	3	0	38747	rejected	c-extension	native	22	640
quick_magick	1	2	0	150399	rejected	analyze-failed	compiler	3	467
todonotes	1	1	0	316239	rejected	analyze-failed	compiler	6	301
io-extra	1	1	0	800705	rejected	c-extension	native	1	10
casperjs	1	2	0	76450	rejected	no-entrypoint	compiler	0	0
hintable_levenshtein	1	1	0	10983	rejected	analyze-failed	compiler	3	194
less-js-source	1	1	0	17813	rejected	no-entrypoint	compiler	1	7
leveldb	1	1	0	123874	rejected	c-extension	native	1	73
openfeature-sdk	1	1	0	998127	rejected	no-entrypoint	compiler	20	805
accessory	1	1	0	26818	rejected	analyze-failed	compiler	17	794
executable	1	1	0	243006	rejected	analyze-failed	compiler	9	816
motion-objc-runtime-bundler-fix	1	1	0	4440	rejected	analyze-failed	compiler	1	30
erb	1	3	8241	82281490	rejected	c-extension	native	2	17
ruby-binlog	1	1	0	35344	rejected	no-entrypoint	compiler	0	0
rcapture	1	1	0	13120	rejected	no-entrypoint	compiler	0	0
color_echo	1	2	0	120068	rejected	analyze-failed	compiler	12	524
semver2	1	6	872	2457881	rejected	analyze-failed	compiler	6	295
kakasi	1	1	0	140214	rejected	analyze-failed	compiler	6	196
cool.io	1	6	0	13530623	rejected	c-extension	native	3	256
jsonrpc2.0	1	1	0	39656	rejected	analyze-failed	compiler	4	80
json_schema	1	2	0	27816968	rejected	analyze-failed	compiler	5	582
enum	1	1	0	55054	rejected	analyze-failed	compiler	8	553
private_pub	1	1	0	351943	rejected	analyze-failed	compiler	5	124
global_convert	1	1	0	8323	rejected	analyze-failed	compiler	4	58
ed25519	1	5	0	119165184	rejected	c-extension	native	1	48
cape	1	1	0	278256	rejected	analyze-failed	compiler	4	174
ruby-mcrypt	1	1	0	1129684	rejected	c-extension	native	1	229
onnx-ruby	1	1	0	553	rejected	c-extension	native	13	663
ya_gpio	1	1	0	3579	rejected	analyze-failed	compiler	2	122
pixel_pi	1	1	0	14903	rejected	c-extension	native	3	121
on	1	1	0	44170	rejected	other	compiler	12	488
kgio	1	9	0	122497862	rejected	c-extension	native	0	0
rgeo-geojson	1	4	0	12436141	rejected	analyze-failed	compiler	8	412
terminal_rb	1	1	0	8469	rejected	analyze-failed	compiler	19	5613
structx	1	1	0	13880	rejected	analyze-failed	compiler	2	142
infoboxer	1	1	0	66739	rejected	analyze-failed	compiler	44	2708
stanford-core-nlp	1	1	0	187431	rejected	analyze-failed	compiler	3	533
callable	1	2	0	17091	rejected	analyze-failed	compiler	2	10
domain	1	1	0	35542	rejected	analyze-failed	compiler	2	73
brnumeros	1	1	0	692693	rejected	analyze-failed	compiler	3	140
zeroc-ice	1	1	0	37618	rejected	no-entrypoint	compiler	64	8473
mugatu	1	1	0	2935	rejected	analyze-failed	compiler	15	133
mousevc	1	1	0	16991	rejected	analyze-failed	compiler	11	431
json_rpc_handler	1	1	0	962821	rejected	other	compiler	2	117
ios-devices	1	1	0	465116	rejected	no-entrypoint	compiler	3	392
mixpanel_client	1	1	0	4317620	rejected	other	compiler	6	99
gtk4	1	1	0	46219	rejected	c-extension	native	61	2928
versions.rb	1	1	0	12248	rejected	analyze-failed	compiler	7	155
credit_card_validator	1	1	0	2398685	rejected	analyze-failed	compiler	2	97
mediawiki-gateway	1	1	0	204475	rejected	analyze-failed	compiler	12	1276
video_info	1	1	0	2384338	rejected	analyze-failed	compiler	14	1084
file-utils	1	2	0	986938	rejected	no-entrypoint	compiler	1	31
date	1	23	0	260498214	rejected	c-extension	native	0	0
herb	1	1	0	896508	rejected	c-extension	native	46	19025
sheller	1	1	0	25744	rejected	analyze-failed	compiler	1	59
ronin-support	1	1	0	100338	rejected	no-entrypoint	compiler	15	883
jml_thrift	1	1	0	194633	rejected	c-extension	native	37	3132
rb-libsvm	1	1	0	463304	rejected	c-extension	native	7	90
object_regex	1	1	0	95279	rejected	other	compiler	2	73
enumerable_hashify	1	3	0	112635	rejected	other	compiler	3	15
has_serialized	1	1	0	27441	rejected	analyze-failed	compiler	5	73
ryansch-andand	1	1	0	61429	rejected	analyze-failed	compiler	2	96
phlex-markdown	1	1	0	3709	rejected	no-entrypoint	compiler	1	85
fast_trie	1	2	0	2137421	rejected	no-entrypoint	compiler	0	0
ruby_dig	1	4	0	6659472	rejected	other	compiler	2	22
hashr	1	3	0	4370388	rejected	analyze-failed	compiler	6	211
mixology	1	1	0	47087	rejected	c-extension	native	1	35
jsonnet	1	2	0	215084	rejected	c-extension	native	3	86
rainbows	1	2	0	688777	rejected	analyze-failed	compiler	3	32
guard-compat	1	3	0	129898095	rejected	no-entrypoint	compiler	6	212
gir_ffi-gtk	1	1	0	60074	rejected	analyze-failed	compiler	24	448
resolve-hostname	1	1	0	4383202	rejected	no-entrypoint	compiler	2	155
ttfunk	1	18	0	152219182	rejected	analyze-failed	compiler	81	6173
graphql_playground-rails	1	1	0	1766787	rejected	no-entrypoint	compiler	4	65
gash	1	1	0	40209	rejected	analyze-failed	compiler	1	295
qtbindings	1	1	0	294849	rejected	c-extension	native	9	2995
yt-support	1	1	0	458184	rejected	no-entrypoint	compiler	7	168
ruby-opengl	1	2	0	85841	rejected	no-entrypoint	compiler	0	0
shell-base	1	1	0	16875	rejected	analyze-failed	compiler	2	32
gherkin3	1	1	0	1255645	rejected	no-entrypoint	compiler	10	2366
gender_detector	1	1	0	2014057	rejected	analyze-failed	compiler	2	129
ruby-termios	1	4	0	619136	rejected	c-extension	native	2	146
subcommand	1	1	0	150053	rejected	analyze-failed	compiler	2	209
openai	1	1	0	1190848	rejected	analyze-failed	compiler	4	91
jruby-hazelcast	1	1	0	5119	rejected	analyze-failed	compiler	1	48
molinillo	1	2	0	107920450	rejected	analyze-failed	compiler	20	1357
soap4r-straightjacket	1	1	0	7711	rejected	no-entrypoint	compiler	158	17728
aescrypt	1	1	0	1327182	rejected	analyze-failed	compiler	1	27
jellyfish	1	1	0	68515	rejected	analyze-failed	compiler	2	37
parsi-date	1	2	0	54503	rejected	other	compiler	4	530
typogruby	1	1	0	161209	rejected	analyze-failed	compiler	3	113
stitch-plus	1	1	0	34282	rejected	analyze-failed	compiler	2	186
flickr	1	1	0	66790	rejected	analyze-failed	compiler	8	286
sql_helper	1	2	0	9896	rejected	analyze-failed	compiler	2	326
jammit	1	3	0	1441795	rejected	analyze-failed	compiler	3	111
andyw8-itunes-library	1	1	0	11392	rejected	no-entrypoint	compiler	3	201
validates_as_uk_postcode	1	1	0	8547	rejected	analyze-failed	compiler	3	44
ipaddr	1	1	0	20100429	rejected	analyze-failed	compiler	3	65
metaclass	1	6	0	39264625	rejected	other	compiler	3	17
ichannel	1	1	0	91151	rejected	analyze-failed	compiler	4	157
groupdate	1	1	0	36440663	rejected	analyze-failed	compiler	12	797
treat	1	1	0	98981	rejected	analyze-failed	compiler	143	6579
bio-img_metadata	1	1	0	5406	rejected	analyze-failed	compiler	1	65
down	1	5	0	43205393	rejected	analyze-failed	compiler	10	1023
ruby-ldap	1	1	0	1380315	rejected	no-entrypoint	compiler	3	420
sinatra-r18n	1	1	0	371216	rejected	no-entrypoint	compiler	2	33
rack-client	1	3	0	494149	rejected	no-entrypoint	compiler	51	1873
deque	1	1	0	12158	rejected	no-entrypoint	compiler	1	3
pyu-ntlm-http	1	1	0	54022	rejected	no-entrypoint	compiler	2	655
http-parser-lite	1	2	0	445650	rejected	c-extension	native	2	48
rack-attack	1	1	0	141643084	rejected	no-entrypoint	compiler	5	68
hosts	1	2	0	226127	rejected	analyze-failed	compiler	10	328
hookworm-base	1	1	0	30952	rejected	analyze-failed	compiler	9	223
nested_scaffold	1	1	0	194085	rejected	no-entrypoint	compiler	14	274
